[
    {"name": "H2-FLOOD", "description": "layer 7 - Attack Url [normal]", "sts": "ON"},
    {"name": "HTTP-RAW", "description": "layer 7 - Attack Url [normal]", "sts": "ON"},
    {"name": "H2-X", "description": "layer 7 - Attack Url [normal]", "sts": "ON"},
    {"name": "FLOOD-X", "description": "layer 7 - Attack Url [normal]", "sts": "ON"},
    {"name": "BYPASS", "description": "layer 7 - Attack Url [normal]", "sts": "ON"},
    {"name": "TLS", "description": "layer 7 - Attack Url [normal]", "sts": "ON"}
]